{
  "model_type": "random_forest",
  "training_date": "2025-12-26T01:16:17.976535",
  "metrics": {
    "test_mse": 1.2566834796732054,
    "test_rmse": 1.1210189470625398,
    "test_mae": 0.3782617458143548,
    "test_r2": 0.856176224982395,
    "test_mape": 1.633662773385637,
    "train_r2": 0.9934218195512672,
    "train_mse": 0.10014743493464
  },
  "model_class": "RandomForestRegressor"
}