{
  "model_type": "random_forest",
  "training_date": "2025-12-26T16:01:52.674080",
  "metrics": {
    "test_mse": 1.0093126711104976,
    "test_rmse": 1.004645545011024,
    "test_mae": 0.7731452277103297,
    "test_r2": 0.9810726161722453,
    "test_mape": 18.269613203629635,
    "train_r2": 0.9922978749132811,
    "train_mse": 0.4062542815053851
  },
  "model_class": "RandomForestRegressor"
}