{
  "model_type": "random_forest",
  "training_date": "2025-12-25T19:16:27.566651",
  "metrics": {
    "test_mse": 0.20561714224440025,
    "test_rmse": 0.45345026435586105,
    "test_mae": 0.36694537087272244,
    "test_r2": 0.8621378363458297,
    "test_mape": 1.512081270309846,
    "train_r2": 0.9953205455179062,
    "train_mse": 0.060463928707193394
  },
  "model_class": "RandomForestRegressor"
}